category_path,questions,content
Card Information,"How do I apply for a corporate card?
What is the process for obtaining a corporate card?",You can apply for a corporate card at the following link: https://www.americanexpress.com/applyforcard/
"","How to I enter my timecard?
What is the process for recording time?",Please navigate to the following link to enter your time worked: http://instance-20190926-1347.sub09261619480.kaiserdapoc.oraclevcn.com:8000/psc/ps/EMPLOYEE/ERP/s/WEBLIB_MBL_TE.ISCRIPT1.FieldFormula.iScript_TimeEntry_Mainpage
Other Personal Information,Can I add or update beneficiaries for my accounts online?,"Yes, you can review and make changes to your account beneficiaries under https://scs.WorldFinancial.com/customeronly. Learn more about beneficiary updates."
