{
  "name" : "ExitGreeting",
  "intentParameters" : [ ],
  "exampleData" : [ {
    "sentence" : "thank you",
    "exampleEntities" : [ ]
  }, {
    "sentence" : "ok.bubye",
    "exampleEntities" : [ ]
  }, {
    "sentence" : "thanks",
    "exampleEntities" : [ ]
  }, {
    "sentence" : "That’s enough",
    "exampleEntities" : [ ]
  }, {
    "sentence" : "fine. bye",
    "exampleEntities" : [ ]
  }, {
    "sentence" : "thx",
    "exampleEntities" : [ ]
  }, {
    "sentence" : "thanku",
    "exampleEntities" : [ ]
  }, {
    "sentence" : "Im done",
    "exampleEntities" : [ ]
  }, {
    "sentence" : "Nothing else",
    "exampleEntities" : [ ]
  }, {
    "sentence" : "Nothing more",
    "exampleEntities" : [ ]
  }, {
    "sentence" : "Bye",
    "exampleEntities" : [ ]
  }, {
    "sentence" : "byebye",
    "exampleEntities" : [ ]
  }, {
    "sentence" : "die",
    "exampleEntities" : [ ]
  }, {
    "sentence" : "fine. thanks for your help",
    "exampleEntities" : [ ]
  }, {
    "sentence" : "bye bye",
    "exampleEntities" : [ ]
  }, {
    "sentence" : "end chat",
    "exampleEntities" : [ ]
  }, {
    "sentence" : "thank you",
    "exampleEntities" : [ ]
  }, {
    "sentence" : "zzzz",
    "exampleEntities" : [ ]
  }, {
    "sentence" : "Thank you!",
    "exampleEntities" : [ ]
  }, {
    "sentence" : "ok. bye",
    "exampleEntities" : [ ]
  }, {
    "sentence" : "that should be all",
    "exampleEntities" : [ ]
  }, {
    "sentence" : "Byee",
    "exampleEntities" : [ ]
  }, {
    "sentence" : "Nothing for now",
    "exampleEntities" : [ ]
  }, {
    "sentence" : "that is all",
    "exampleEntities" : [ ]
  }, {
    "sentence" : "Im good",
    "exampleEntities" : [ ]
  }, {
    "sentence" : "I am good",
    "exampleEntities" : [ ]
  }, {
    "sentence" : "ok then",
    "exampleEntities" : [ ]
  }, {
    "sentence" : "am good",
    "exampleEntities" : [ ]
  }, {
    "sentence" : "exit chat",
    "exampleEntities" : [ ]
  }, {
    "sentence" : "Byezz",
    "exampleEntities" : [ ]
  }, {
    "sentence" : "exit",
    "exampleEntities" : [ ]
  }, {
    "sentence" : "done",
    "exampleEntities" : [ ]
  }, {
    "sentence" : "bubye",
    "exampleEntities" : [ ]
  }, {
    "sentence" : "Leaving for now",
    "exampleEntities" : [ ]
  }, {
    "sentence" : "tx",
    "exampleEntities" : [ ]
  }, {
    "sentence" : "quit",
    "exampleEntities" : [ ]
  }, {
    "sentence" : "end",
    "exampleEntities" : [ ]
  }, {
    "sentence" : "m good",
    "exampleEntities" : [ ]
  }, {
    "sentence" : "would do",
    "exampleEntities" : [ ]
  }, {
    "sentence" : "that’s all",
    "exampleEntities" : [ ]
  }, {
    "sentence" : "Thanks",
    "exampleEntities" : [ ]
  }, {
    "sentence" : "ok. that's all",
    "exampleEntities" : [ ]
  }, {
    "sentence" : "am done",
    "exampleEntities" : [ ]
  }, {
    "sentence" : "thankyou",
    "exampleEntities" : [ ]
  } ]
}