{
  "name" : "GetExpenseReports",
  "type" : "NLPIntent",
  "intentParameters" : [ {
    "name" : "ReportBag",
    "required" : true,
    "entity" : "ReportBag"
  } ],
  "exampleData" : [ {
    "sentence" : "see my reports",
    "exampleEntities" : [ ]
  }, {
    "sentence" : "I want to see my expense reports",
    "exampleEntities" : [ ]
  }, {
    "sentence" : "List my expense reports",
    "exampleEntities" : [ ]
  }, {
    "sentence" : "What are my expense reports",
    "exampleEntities" : [ ]
  }, {
    "sentence" : "I wanna see the expense reports",
    "exampleEntities" : [ ]
  }, {
    "sentence" : "display my expense reports",
    "exampleEntities" : [ ]
  }, {
    "sentence" : "What expense reports do I have to submit",
    "exampleEntities" : [ ]
  }, {
    "sentence" : "show my expense reports",
    "exampleEntities" : [ ]
  } ]
}