{
  "name" : "BusinessPurpose",
  "type" : "ENUMVALUES",
  "enumValues" : [ {
    "canonicalName" : "Trade Show",
    "synonyms" : [ "Trade Show", "TradeShow" ]
  }, {
    "canonicalName" : "General Travel and Expense",
    "synonyms" : [ "General Travel and Expense", "Travel and Expense", "General Expense and Travel", "Expense and Travel", "General Travel & Expense" ]
  }, {
    "canonicalName" : "Customer Visit",
    "synonyms" : [ "Customer Visit", "Visit Customer", "Visiting Customer", "Customer On-Site" ]
  }, {
    "canonicalName" : "Corporate Visit",
    "synonyms" : [ "Corporate Visit" ]
  }, {
    "canonicalName" : "Demonstration",
    "synonyms" : [ "Demo", "Demos", "Demonstrations", "Demonstration" ]
  } ],
  "namedEntityRuleParams" : [ ],
  "multiValue" : false,
  "fuzzyMatch" : false,
  "promptForDisambiguation" : true,
  "botPrompts" : [ {
    "text" : "Please select a business purpose.",
    "sequenceNr" : null
  } ],
  "validationRules" : [ ],
  "compositeBagItems" : [ ]
}