{
  "name" : "Country",
  "type" : "ENUMVALUES",
  "enumValues" : [ {
    "canonicalName" : "United States",
    "synonyms" : [ "US", "USA" ]
  }, {
    "canonicalName" : "United Kingdom",
    "synonyms" : [ "UK" ]
  }, {
    "canonicalName" : "India",
    "synonyms" : [ "IND" ]
  } ],
  "namedEntityRuleParams" : [ ],
  "multiValue" : false,
  "fuzzyMatch" : false,
  "promptForDisambiguation" : true,
  "botPrompts" : [ {
    "text" : "Please specify a country for this report.",
    "sequenceNr" : null
  } ],
  "validationRules" : [ ],
  "compositeBagItems" : [ ]
}