{
  "name" : "CurrencyCode",
  "type" : "ENUMVALUES",
  "enumValues" : [ {
    "canonicalName" : "EUR",
    "synonyms" : [ "euro", "euros", "Euro", "Euros", "€" ]
  }, {
    "canonicalName" : "INR",
    "synonyms" : [ "Indian rupees", "indian rupee", "rupees", "Rupees" ]
  }, {
    "canonicalName" : "USD",
    "synonyms" : [ "$", "dollar", "dollars", "usd" ]
  } ],
  "namedEntityRuleParams" : [ ],
  "multiValue" : false,
  "fuzzyMatch" : false,
  "promptForDisambiguation" : true,
  "botPrompts" : [ {
    "text" : "Please enter Entity3",
    "sequenceNr" : null
  } ],
  "validationRules" : [ ],
  "compositeBagItems" : [ ]
}