{
  "name" : "ExpenditureMethod",
  "type" : "ENUMVALUES",
  "enumValues" : [ {
    "canonicalName" : "AMX",
    "synonyms" : [ "Amex", "Americann Express", "American express" ]
  }, {
    "canonicalName" : "CHK",
    "synonyms" : [ "Check", "Cheque", "check", "cheque" ]
  }, {
    "canonicalName" : "CSH",
    "synonyms" : [ "Cash", "cash" ]
  }, {
    "canonicalName" : "VIS",
    "synonyms" : [ "visa", "Visa", "VISA" ]
  } ],
  "namedEntityRuleParams" : [ ],
  "multiValue" : false,
  "fuzzyMatch" : false,
  "promptForDisambiguation" : true,
  "botPrompts" : [ {
    "text" : "Please specify a payment method.",
    "sequenceNr" : null
  } ],
  "validationRules" : [ ],
  "compositeBagItems" : [ ]
}