{
  "name" : "ExpenseReportItem",
  "type" : "COMPOSITEBAG",
  "namedEntityRuleParams" : [ ],
  "multiValue" : false,
  "fuzzyMatch" : false,
  "promptForDisambiguation" : true,
  "botPrompts" : [ {
    "text" : "Please enter Entity1",
    "sequenceNr" : null
  } ],
  "validationRules" : [ ],
  "compositeBagItems" : [ {
    "sequenceNr" : 1,
    "name" : "BusinessPurpose",
    "type" : "ENTITY",
    "entityName" : "BusinessPurpose",
    "entityUsage" : {
      "name" : "BusinessPurpose",
      "description" : null,
      "patternExpression" : null,
      "type" : "ENUMVALUES",
      "enumValues" : [ {
        "canonicalName" : "Trade Show",
        "synonyms" : [ "Trade Show", "TradeShow" ]
      }, {
        "canonicalName" : "General Travel and Expense",
        "synonyms" : [ "General Travel and Expense", "Travel and Expense", "General Expense and Travel", "Expense and Travel", "General Travel & Expense" ]
      }, {
        "canonicalName" : "Customer Visit",
        "synonyms" : [ "Customer Visit", "Visit Customer", "Visiting Customer", "Customer On-Site" ]
      }, {
        "canonicalName" : "Corporate Visit",
        "synonyms" : [ "Corporate Visit" ]
      }, {
        "canonicalName" : "Demonstration",
        "synonyms" : [ "Demo", "Demos", "Demonstrations", "Demonstration" ]
      } ],
      "prompts" : null,
      "parentEntity" : null,
      "nextUpdateAt" : null,
      "multiValue" : false,
      "fuzzyMatch" : false,
      "promptForDisambiguation" : true,
      "disambiguationPrompt" : null,
      "enumRangeSize" : null,
      "errorMessage" : null,
      "namedEntityRuleParams" : [ ],
      "botPrompts" : [ {
        "text" : "Please select a business purpose."
      } ],
      "validationRules" : [ ]
    },
    "multiValue" : false,
    "fuzzyMatch" : false,
    "outOfOrderExtraction" : true,
    "promptForDisambiguation" : true,
    "prompts" : [ {
      "text" : "Please select a business purpose for this report.",
      "sequenceNr" : 1
    } ]
  }, {
    "sequenceNr" : 2,
    "name" : "SheetName",
    "type" : "STRING",
    "entityName" : "ADDRESS",
    "entityUsage" : {
      "name" : "ADDRESS",
      "description" : null,
      "patternExpression" : null,
      "type" : "SYSTEM",
      "enumValues" : null,
      "prompts" : null,
      "parentEntity" : null,
      "nextUpdateAt" : null,
      "multiValue" : false,
      "fuzzyMatch" : false,
      "promptForDisambiguation" : true,
      "disambiguationPrompt" : null,
      "enumRangeSize" : null,
      "errorMessage" : null,
      "namedEntityRuleParams" : [ ],
      "botPrompts" : [ ],
      "validationRules" : [ ]
    },
    "multiValue" : false,
    "fuzzyMatch" : false,
    "outOfOrderExtraction" : false,
    "promptForDisambiguation" : true,
    "promptForValue" : "true",
    "prompts" : [ {
      "text" : "Please specify a description for your report.",
      "sequenceNr" : 1
    } ]
  }, {
    "sequenceNr" : 3,
    "name" : "Country",
    "type" : "ENTITY",
    "entityName" : "Country",
    "entityUsage" : {
      "name" : "Country",
      "description" : null,
      "patternExpression" : null,
      "type" : "ENUMVALUES",
      "enumValues" : [ {
        "canonicalName" : "United States",
        "synonyms" : [ "US", "USA" ]
      }, {
        "canonicalName" : "United Kingdom",
        "synonyms" : [ "UK" ]
      }, {
        "canonicalName" : "India",
        "synonyms" : [ "IND" ]
      } ],
      "prompts" : null,
      "parentEntity" : null,
      "nextUpdateAt" : null,
      "multiValue" : false,
      "fuzzyMatch" : false,
      "promptForDisambiguation" : true,
      "disambiguationPrompt" : null,
      "enumRangeSize" : null,
      "errorMessage" : null,
      "namedEntityRuleParams" : [ ],
      "botPrompts" : [ {
        "text" : "Please specify a country for this report."
      } ],
      "validationRules" : [ ]
    },
    "multiValue" : false,
    "fuzzyMatch" : false,
    "outOfOrderExtraction" : true,
    "promptForDisambiguation" : true,
    "prompts" : [ {
      "text" : "Please specify a country for this report.",
      "sequenceNr" : null
    } ]
  } ]
}