{
  "name" : "ExpenseType",
  "type" : "ENUMVALUES",
  "enumValues" : [ {
    "canonicalName" : "AIRFARE",
    "synonyms" : [ "Air Travel", "Plane", "Plane Ticket", "Flight", "airplane", "air fare" ]
  }, {
    "canonicalName" : "MIE",
    "synonyms" : [ "Meal and incidental expenses", "meal", "meal expenses", "meal and incidental", "dinner", "lunch", "breakfast", "supper" ]
  }, {
    "canonicalName" : "MOBILE",
    "synonyms" : [ "mobile phone", "phone", "cell phone", "cell" ]
  } ],
  "namedEntityRuleParams" : [ ],
  "multiValue" : false,
  "fuzzyMatch" : false,
  "promptForDisambiguation" : true,
  "botPrompts" : [ {
    "text" : "What type of expense was this?",
    "sequenceNr" : null
  } ],
  "validationRules" : [ ],
  "compositeBagItems" : [ ]
}