{
  "name" : "InputStatus",
  "type" : "ENUMVALUES",
  "enumValues" : [ {
    "canonicalName" : "PD",
    "synonyms" : [ "Paid", "Paid for" ]
  }, {
    "canonicalName" : "Denied",
    "synonyms" : [ "DENIED", "denied" ]
  }, {
    "canonicalName" : "SFA",
    "synonyms" : [ "SUBMITTED", "submitted", "entered" ]
  }, {
    "canonicalName" : "cancelled",
    "synonyms" : [ "cancelled", "Cancelled", "canceled", "Canceled" ]
  }, {
    "canonicalName" : "PND",
    "synonyms" : [ "pending", "Pending" ]
  } ],
  "namedEntityRuleParams" : [ ],
  "multiValue" : false,
  "fuzzyMatch" : false,
  "promptForDisambiguation" : false,
  "botPrompts" : [ ],
  "validationRules" : [ ],
  "compositeBagItems" : [ ]
}