{
  "name" : "WalletExpenseItem",
  "type" : "COMPOSITEBAG",
  "enumValues" : [ {
    "canonicalName" : "AbsenceName",
    "synonyms" : null
  } ],
  "namedEntityRuleParams" : [ ],
  "multiValue" : false,
  "fuzzyMatch" : false,
  "promptForDisambiguation" : true,
  "botPrompts" : [ {
    "text" : "Please enter Entity5",
    "sequenceNr" : null
  } ],
  "validationRules" : [ ],
  "compositeBagItems" : [ {
    "sequenceNr" : 1,
    "name" : "CURRENCY",
    "type" : "ENTITY",
    "entityName" : "CURRENCY",
    "entityUsage" : {
      "name" : "CURRENCY",
      "description" : null,
      "patternExpression" : null,
      "type" : "SYSTEM",
      "enumValues" : null,
      "prompts" : null,
      "parentEntity" : null,
      "nextUpdateAt" : null,
      "multiValue" : false,
      "fuzzyMatch" : false,
      "promptForDisambiguation" : true,
      "disambiguationPrompt" : null,
      "enumRangeSize" : null,
      "errorMessage" : null,
      "namedEntityRuleParams" : [ ],
      "botPrompts" : [ ],
      "validationRules" : [ ]
    },
    "multiValue" : false,
    "fuzzyMatch" : false,
    "outOfOrderExtraction" : true,
    "promptForDisambiguation" : true,
    "promptForValue" : "<#if WalletExpenseItem.value.UpdateIdentifier??>false<else>'true</#if>",
    "prompts" : [ {
      "text" : "How much was this expense for?",
      "sequenceNr" : 1
    } ]
  }, {
    "sequenceNr" : 2,
    "name" : "ExpenseType",
    "type" : "ENTITY",
    "entityName" : "ExpenseType",
    "entityUsage" : {
      "name" : "ExpenseType",
      "description" : null,
      "patternExpression" : null,
      "type" : "ENUMVALUES",
      "enumValues" : [ {
        "canonicalName" : "AIRFARE",
        "synonyms" : [ "Air Travel", "Plane", "Plane Ticket", "Flight", "airplane", "air fare" ]
      }, {
        "canonicalName" : "MIE",
        "synonyms" : [ "Meal and incidental expenses", "meal", "meal expenses", "meal and incidental", "dinner", "lunch", "breakfast", "supper" ]
      }, {
        "canonicalName" : "MOBILE",
        "synonyms" : [ "mobile phone", "phone", "cell phone", "cell" ]
      } ],
      "prompts" : null,
      "parentEntity" : null,
      "nextUpdateAt" : null,
      "multiValue" : false,
      "fuzzyMatch" : false,
      "promptForDisambiguation" : true,
      "disambiguationPrompt" : null,
      "enumRangeSize" : null,
      "errorMessage" : null,
      "namedEntityRuleParams" : [ ],
      "botPrompts" : [ {
        "text" : "What type of expense was this?"
      } ],
      "validationRules" : [ ]
    },
    "multiValue" : false,
    "fuzzyMatch" : false,
    "outOfOrderExtraction" : true,
    "promptForDisambiguation" : true,
    "promptForValue" : "<#if WalletExpenseItem.value.UpdateIdentifier??>false<else>true</#if>",
    "prompts" : [ {
      "text" : "What was the expense type?",
      "sequenceNr" : null
    } ]
  }, {
    "sequenceNr" : 3,
    "name" : "ExpenditureMethod",
    "type" : "ENTITY",
    "entityName" : "ExpenditureMethod",
    "entityUsage" : {
      "name" : "ExpenditureMethod",
      "description" : null,
      "patternExpression" : null,
      "type" : "ENUMVALUES",
      "enumValues" : [ {
        "canonicalName" : "AMX",
        "synonyms" : [ "Amex", "Americann Express", "American express" ]
      }, {
        "canonicalName" : "CHK",
        "synonyms" : [ "Check", "Cheque", "check", "cheque" ]
      }, {
        "canonicalName" : "CSH",
        "synonyms" : [ "Cash", "cash" ]
      }, {
        "canonicalName" : "VIS",
        "synonyms" : [ "visa", "Visa", "VISA" ]
      } ],
      "prompts" : null,
      "parentEntity" : null,
      "nextUpdateAt" : null,
      "multiValue" : false,
      "fuzzyMatch" : false,
      "promptForDisambiguation" : true,
      "disambiguationPrompt" : null,
      "enumRangeSize" : null,
      "errorMessage" : null,
      "namedEntityRuleParams" : [ ],
      "botPrompts" : [ {
        "text" : "Please specify a payment method."
      } ],
      "validationRules" : [ ]
    },
    "multiValue" : false,
    "fuzzyMatch" : false,
    "outOfOrderExtraction" : true,
    "promptForDisambiguation" : true,
    "promptForValue" : "<#if WalletExpenseItem.value.UpdateIdentifier??>false<else>true</#if>",
    "prompts" : [ {
      "text" : "What was the payment method?",
      "sequenceNr" : null
    } ]
  }, {
    "sequenceNr" : 4,
    "name" : "MerchantRegex",
    "type" : "ENTITY",
    "entityName" : "MerchantRegex",
    "entityUsage" : {
      "name" : "MerchantRegex",
      "description" : null,
      "patternExpression" : "((?<=erchant is )([^\\n\\r]*))|((?<=erchant to )([^\\n\\r]*))|((?<=erchant [N|n]ame is )([^\\n\\r]*))|((?<=erchant [N|n]ame to )([^\\n\\r]*))",
      "type" : "PATTERNBASED",
      "enumValues" : null,
      "prompts" : null,
      "parentEntity" : null,
      "nextUpdateAt" : null,
      "multiValue" : false,
      "fuzzyMatch" : false,
      "promptForDisambiguation" : true,
      "disambiguationPrompt" : null,
      "enumRangeSize" : null,
      "errorMessage" : null,
      "namedEntityRuleParams" : [ ],
      "botPrompts" : [ {
        "text" : "Please enter Entity2"
      } ],
      "validationRules" : [ ]
    },
    "multiValue" : false,
    "fuzzyMatch" : false,
    "outOfOrderExtraction" : true,
    "promptForDisambiguation" : true,
    "promptForValue" : "false",
    "prompts" : [ {
      "text" : "Please enter Entity2",
      "sequenceNr" : null
    } ]
  }, {
    "sequenceNr" : 5,
    "name" : "DATE",
    "type" : "ENTITY",
    "entityName" : "DATE",
    "entityUsage" : {
      "name" : "DATE",
      "description" : null,
      "patternExpression" : null,
      "type" : "SYSTEM",
      "enumValues" : null,
      "prompts" : null,
      "parentEntity" : null,
      "nextUpdateAt" : null,
      "multiValue" : false,
      "fuzzyMatch" : false,
      "promptForDisambiguation" : true,
      "disambiguationPrompt" : null,
      "enumRangeSize" : null,
      "errorMessage" : null,
      "namedEntityRuleParams" : [ ],
      "botPrompts" : [ ],
      "validationRules" : [ ]
    },
    "multiValue" : false,
    "fuzzyMatch" : false,
    "outOfOrderExtraction" : true,
    "promptForDisambiguation" : true,
    "promptForValue" : "<#if WalletExpenseItem.value.UpdateIdentifier??>false<else>true</#if>",
    "prompts" : [ {
      "text" : "Please include the date of your expense.",
      "sequenceNr" : null
    } ]
  }, {
    "sequenceNr" : 6,
    "name" : "UpdateIdentifier",
    "type" : "ENTITY",
    "entityName" : "UpdateIdentifier",
    "entityUsage" : {
      "name" : "UpdateIdentifier",
      "description" : null,
      "patternExpression" : null,
      "type" : "ENUMVALUES",
      "enumValues" : null,
      "prompts" : null,
      "parentEntity" : null,
      "nextUpdateAt" : null,
      "multiValue" : false,
      "fuzzyMatch" : false,
      "promptForDisambiguation" : true,
      "disambiguationPrompt" : null,
      "enumRangeSize" : null,
      "errorMessage" : null,
      "namedEntityRuleParams" : [ ],
      "botPrompts" : [ {
        "text" : "Please enter Entity3"
      } ],
      "validationRules" : [ ]
    },
    "multiValue" : false,
    "fuzzyMatch" : false,
    "outOfOrderExtraction" : false,
    "promptForDisambiguation" : false,
    "promptForValue" : "false"
  } ]
}