{
  "name" : "Entry",
  "type" : "NLPIntent",
  "intentParameters" : [ ],
  "exampleData" : [ {
    "sentence" : "good afternoon",
    "exampleEntities" : [ ]
  }, {
    "sentence" : "hi",
    "exampleEntities" : [ ]
  }, {
    "sentence" : "good morning",
    "exampleEntities" : [ ]
  }, {
    "sentence" : "help me ",
    "exampleEntities" : [ ]
  }, {
    "sentence" : "hola",
    "exampleEntities" : [ ]
  }, {
    "sentence" : "hello",
    "exampleEntities" : [ ]
  }, {
    "sentence" : "good evening",
    "exampleEntities" : [ ]
  }, {
    "sentence" : "i need some assistant",
    "exampleEntities" : [ ]
  }, {
    "sentence" : "hey there",
    "exampleEntities" : [ ]
  }, {
    "sentence" : "can you help me",
    "exampleEntities" : [ ]
  }, {
    "sentence" : "hey",
    "exampleEntities" : [ ]
  } ]
}