{
  "name" : "ReportBag",
  "type" : "COMPOSITEBAG",
  "enumValues" : [ {
    "canonicalName" : "AbsenceName",
    "synonyms" : null
  } ],
  "namedEntityRuleParams" : [ ],
  "multiValue" : false,
  "fuzzyMatch" : false,
  "promptForDisambiguation" : true,
  "botPrompts" : [ {
    "text" : "Please enter Entity1",
    "sequenceNr" : null
  } ],
  "validationRules" : [ ],
  "compositeBagItems" : [ {
    "sequenceNr" : 1,
    "name" : "InputStatus",
    "type" : "ENTITY",
    "entityName" : "InputStatus",
    "entityUsage" : {
      "name" : "InputStatus",
      "description" : null,
      "patternExpression" : null,
      "type" : "ENUMVALUES",
      "enumValues" : [ {
        "canonicalName" : "PD",
        "synonyms" : [ "Paid", "Paid for" ]
      }, {
        "canonicalName" : "Denied",
        "synonyms" : [ "DENIED", "denied" ]
      }, {
        "canonicalName" : "SFA",
        "synonyms" : [ "SUBMITTED", "submitted", "entered" ]
      }, {
        "canonicalName" : "cancelled",
        "synonyms" : [ "cancelled", "Cancelled", "canceled", "Canceled" ]
      }, {
        "canonicalName" : "PND",
        "synonyms" : [ "pending", "Pending" ]
      } ],
      "prompts" : null,
      "parentEntity" : null,
      "nextUpdateAt" : null,
      "multiValue" : false,
      "fuzzyMatch" : false,
      "promptForDisambiguation" : false,
      "disambiguationPrompt" : null,
      "enumRangeSize" : null,
      "errorMessage" : null,
      "namedEntityRuleParams" : [ ],
      "botPrompts" : [ ],
      "validationRules" : [ ]
    },
    "multiValue" : false,
    "fuzzyMatch" : false,
    "outOfOrderExtraction" : true,
    "promptForDisambiguation" : false,
    "promptForValue" : "false"
  } ]
}